RANK	DB	ID	ALT_ID	CONSENSUS	TP	TP%	FP	FP%	ENR_RATIO	SCORE_THR	PVALUE	LOG_PVALUE	EVALUE	LOG_EVALUE	QVALUE	LOG_QVALUE
1	trimmed_0th/streme_out/streme.xml	1-AGTATT	STREME-1	AGTATT	10	100.00	0	0.00	11	9	5.41e-6	-12.13	3.25e-5	-10.34	3.25e-5	-10.34
2	trimmed_0th/streme_out/streme.xml	2-AYTYRCTCGVASGYGAST	STREME-2	AYTYRCTCGVASGYGAST	8	80.00	0	0.00	9	14	3.57e-4	-7.94	2.14e-3	-6.15	4.29e-4	-7.75
3	trimmed_0th/streme_out/streme.xml	3-CCCCGAG	STREME-3	CCCCGAG	8	80.00	0	0.00	9	8.5	3.57e-4	-7.94	2.14e-3	-6.15	4.29e-4	-7.75
4	trimmed_0th/streme_out/streme.xml	4-CGGCGGCGASSG	STREME-4	CGGCGGCGASSG	8	80.00	0	0.00	9	7.8	3.57e-4	-7.94	2.14e-3	-6.15	4.29e-4	-7.75
5	trimmed_0th/meme_out/meme.xml	WYASTMRCYTTCGARYBARYY	MEME-1	WYASTMRCYTTCGARYBARYY	8	80.00	0	0.00	9	16	3.57e-4	-7.94	2.14e-3	-6.15	4.29e-4	-7.75
6	trimmed_0th/streme_out/streme.xml	5-GCGACCGA	STREME-5	GCGACCGA	7	70.00	0	0.00	8	5.6	1.55e-3	-6.47	9.29e-3	-4.68	1.55e-3	-6.47

# SEA (Simple Enrichment Analysis): Version 5.5.1 compiled on Feb  5 2023 at 03:13:38
# The format of this file is described at http://localhost:8080/meme_5.5.1/doc/sea-output-format.html.
# sea --verbosity 1 --oc trimmed_0th/sea_out --qvalue --thresh 1 --order 0 --bfile trimmed_0th/0th_intergenic.txt --seed 0 --align right --motif-pseudo 0.01 --noseqs --m trimmed_0th/meme_out/meme.xml --m trimmed_0th/streme_out/streme.xml --p trimmed_pro_trmB5_6.fna
