RANK	SEED_MOTIF	CLUSTER	SOURCE	ID	ALT_ID	CONSENSUS	WIDTH	SITES	SEA_PVALUE	EVALUE	EVALUE_ACC	SIM_SOURCE	SIM_MOTIF	MOTIF_URL
1	1	1	STREME	1-AGTATT	STREME-1	AGTATT	6	9	5.41e-006	5.95e-005	0	STREME	1-AGTATT	 
2	1	2	STREME	2-AYTYRCTCGVASGYGAST	STREME-2	AYTYRCTCGVASGYGAST	18	8	3.57e-004	3.57e-004	0	STREME	2-AYTYRCTCGVASGYGAST	 
2	1	3	STREME	3-CCCCGAG	STREME-3	CCCCGAG	7	8	3.57e-004	3.57e-004	0	STREME	3-CCCCGAG	 
2	1	4	STREME	4-CGGCGGCGASSG	STREME-4	CGGCGGCGASSG	12	8	3.57e-004	3.57e-004	0	STREME	4-CGGCGGCGASSG	 
2	0	2	MEME	WYASTMRCYTTCGARYBARYY	MEME-1	WYASTMRCYTTCGARYBARYY	21	14	3.57e-004	8.00e-004	1	MEME	WYASTMRCYTTCGARYBARYY	 
3	1	5	STREME	5-GCGACCGA	STREME-5	GCGACCGA	8	7	1.55e-003	1.55e-003	0	STREME	5-GCGACCGA	 

# XSTREME (Motif Discovery and Enrichment Analysis): Version 5.5.1 released on Sun Jan 29 10:33:12 2023 -0800
# The format of this file is described at http://localhost:8080/meme_5.5.1/doc/xstreme-output-format.html
# xstreme -maxw 23 --meme-mod anr --order 0 -p trimmed_pro_trmB5_6.fna --bfile background_models/0th_intergenic.txt --align right --oc trimmed_0th/
